,BTC,ETH,SOL
BTC,1.0,0.8173478015300736,0.6316837226613311
ETH,0.8173478015300736,1.0,0.7212020839236521
SOL,0.6316837226613311,0.7212020839236521,1.0
